
<entities file_version="0.1">
	<entity bx="17722" by="83" bz="19193" class="EntityMovieClip" item_id="228">
		<cmd>/t 10 /end
		</cmd>
		<inventory>
			<slot/>
			<slot count="1" id="10063">{timeseries={blocks={data={},name="blocks",ranges={},times={},type="Discrete",},cmd={data={"/unmount @p;/kill @e{r=5, type=\"Railcar\"};/t ~0.5 /home;/renderdist 100;/time 0;/show desktop;/fps false",},name="cmd",ranges={{1,1,},},times={10000,},type="Discrete",},movieblock={data={},name="movieblock",ranges={},times={},type="Discrete",},music={data={},name="music",ranges={},times={},type="Discrete",},text={data={{bganim="fadein",bgcolor="#ffffff",fontcolor="#000000",fontsize=40,text="Find You#奇仔作品#2017.8",textanim="fadeinout",textpos="center",},{bgcolor="#ffffff",fontcolor="#000000",fontsize=40,text="Paracraft出品",textanim="fadein",textpos="center",},},name="text",ranges={{1,2,},},times={3000,7000,},type="Discrete",},time={data={},name="time",ranges={},times={},type="Linear",},tip={data={},name="tip",ranges={},times={},type="Discrete",},},}
			</slot>
		</inventory>
	</entity>
	<entity bx="17776" by="83" bz="19193" class="EntityMovieClip" item_id="228">
		<cmd>/t 16 /end
		</cmd>
		<inventory>
			<slot count="1" id="10062">{timeseries={HeadTurningAngle={data={0,},name="HeadTurningAngle",ranges={{1,1,},},times={0,},type="Linear",},HeadUpdownAngle={data={0.05,},name="HeadUpdownAngle",ranges={{1,1,},},times={0,},type="Linear",},anim={data={0,},name="anim",ranges={{1,1,},},times={0,},type="Discrete",},assetfile={data={"actor",},name="assetfile",ranges={{1,1,},},times={0,},type="Discrete",},block={data={},name="block",ranges={},times={},type="Discrete",},blockinhand={data={0,},name="blockinhand",ranges={{1,1,},},times={0,},type="Discrete",},facing={data={-0.55313,},name="facing",ranges={{1,1,},},times={0,},type="LinearAngle",},gravity={data={19.62,},name="gravity",ranges={{1,1,},},times={0,},type="Discrete",},name={data={"actor2",},name="name",ranges={{1,1,},},times={0,},type="Discrete",},opacity={data={},name="opacity",ranges={},times={},type="Linear",},parent={data={},name="parent",ranges={},times={},type="LinearTable",},pitch={data={0,},name="pitch",ranges={{1,1,},},times={0,},type="LinearAngle",},roll={data={0,},name="roll",ranges={{1,1,},},times={0,},type="LinearAngle",},scaling={data={1.5,},name="scaling",ranges={{1,1,},},times={0,},type="Linear",},skin={data={"textures/blocks/girl.png",},name="skin",ranges={{1,1,},},times={0,},type="Discrete",},speedscale={data={1,},name="speedscale",ranges={{1,1,},},times={0,},type="Discrete",},x={data={18494.39309,},name="x",ranges={{1,1,},},times={0,},type="Linear",},y={data={-46.875,},name="y",ranges={{1,1,},},times={0,},type="Linear",},z={data={19990.58911,},name="z",ranges={{1,1,},},times={0,},type="Linear",},},tooltip="actor2",}
			</slot>
			<slot count="1" id="10063">{timeseries={blocks={data={},name="blocks",ranges={},times={},type="Discrete",},cmd={data={"/renderdist 150",},name="cmd",ranges={{1,1,},},times={0,},type="Discrete",},movieblock={data={},name="movieblock",ranges={},times={},type="Discrete",},music={data={},name="music",ranges={},times={},type="Discrete",},text={data={{text="我会带着这些美好的回忆，一直走向那充满希望的明天",},},name="text",ranges={{1,1,},},times={0,},type="Discrete",},time={data={},name="time",ranges={},times={},type="Linear",},tip={data={},name="tip",ranges={},times={},type="Discrete",},},}
			</slot>
		</inventory>
	</entity>
	<entity bx="17817" by="83" bz="19193" class="EntityMovieClip" item_id="228">
		<cmd>/t 30 /end
		</cmd>
		<inventory>
			<slot count="1" id="10062">{timeseries={HeadTurningAngle={data={0,},name="HeadTurningAngle",ranges={{1,1,},},times={0,},type="Linear",},HeadUpdownAngle={data={0.05,},name="HeadUpdownAngle",ranges={{1,1,},},times={0,},type="Linear",},anim={data={0,},name="anim",ranges={{1,1,},},times={0,},type="Discrete",},assetfile={data={"actor",},name="assetfile",ranges={{1,1,},},times={0,},type="Discrete",},block={data={},name="block",ranges={},times={},type="Discrete",},blockinhand={data={0,},name="blockinhand",ranges={{1,1,},},times={0,},type="Discrete",},facing={data={-0.55313,},name="facing",ranges={{1,1,},},times={0,},type="LinearAngle",},gravity={data={19.62,},name="gravity",ranges={{1,1,},},times={0,},type="Discrete",},name={data={"actor2",},name="name",ranges={{1,1,},},times={0,},type="Discrete",},opacity={data={},name="opacity",ranges={},times={},type="Linear",},parent={data={},name="parent",ranges={},times={},type="LinearTable",},pitch={data={0,},name="pitch",ranges={{1,1,},},times={0,},type="LinearAngle",},roll={data={0,},name="roll",ranges={{1,1,},},times={0,},type="LinearAngle",},scaling={data={1.5,},name="scaling",ranges={{1,1,},},times={0,},type="Linear",},skin={data={"textures/blocks/girl.png",},name="skin",ranges={{1,1,},},times={0,},type="Discrete",},speedscale={data={1,},name="speedscale",ranges={{1,1,},},times={0,},type="Discrete",},x={data={18494.39309,},name="x",ranges={{1,1,},},times={0,},type="Linear",},y={data={-46.875,},name="y",ranges={{1,1,},},times={0,},type="Linear",},z={data={19990.58911,},name="z",ranges={{1,1,},},times={0,},type="Linear",},},tooltip="actor2",}
			</slot>
			<slot count="1" id="10063">{timeseries={blocks={data={},name="blocks",ranges={},times={},type="Discrete",},cmd={data={},name="cmd",ranges={},times={},type="Discrete",},movieblock={data={},name="movieblock",ranges={},times={},type="Discrete",},music={data={},name="music",ranges={},times={},type="Discrete",},text={data={},name="text",ranges={},times={},type="Discrete",},time={data={},name="time",ranges={},times={},type="Linear",},tip={data={},name="tip",ranges={},times={},type="Discrete",},},}
			</slot>
		</inventory>
	</entity>
	<entity bx="17855" by="83" bz="19202" class="EntityMovieClip" item_id="228">
		<cmd>/t 30 /end
		</cmd>
		<inventory>
			<slot/>
			<slot count="1" id="10063">{timeseries={blocks={data={},name="blocks",ranges={},times={},type="Discrete",},cmd={data={},name="cmd",ranges={},times={},type="Discrete",},movieblock={data={},name="movieblock",ranges={},times={},type="Discrete",},music={data={},name="music",ranges={},times={},type="Discrete",},text={data={{text="那些与你一起走过的快乐时光，一直在我身边，从未离开过",},},name="text",ranges={{1,1,},},times={0,},type="Discrete",},time={data={},name="time",ranges={},times={},type="Linear",},tip={data={},name="tip",ranges={},times={},type="Discrete",},},}
			</slot>
		</inventory>
	</entity>
	<entity bx="17913" by="83" bz="19202" class="EntityMovieClip" item_id="228">
		<cmd>/t 30 /end
		</cmd>
		<inventory>
			<slot/>
			<slot count="1" id="10063">{timeseries={blocks={data={},name="blocks",ranges={},times={},type="Discrete",},cmd={data={},name="cmd",ranges={},times={},type="Discrete",},movieblock={data={},name="movieblock",ranges={},times={},type="Discrete",},music={data={},name="music",ranges={},times={},type="Discrete",},text={data={{text="重要的事情从来都不会凭空消失",},},name="text",ranges={{1,1,},},times={0,},type="Discrete",},time={data={},name="time",ranges={},times={},type="Linear",},tip={data={},name="tip",ranges={},times={},type="Discrete",},},}
			</slot>
		</inventory>
	</entity>
</entities>