
<customblocks desc="ID must be in range:2000-5000">
	<block base_block_id="85" id="2000" texture="textures/blocks/red.png"/>
	<block base_block_id="85" id="2001" texture="textures/blocks/orange.png"/>
	<block base_block_id="85" id="2002" texture="textures/blocks/yellow.png"/>
	<block base_block_id="85" id="2003" texture="textures/blocks/blue.png"/>
	<block base_block_id="85" id="2004" texture="textures/blocks/purple.png"/>
	<block base_block_id="85" id="2005" texture="textures/blocks/white.png"/>
	<block base_block_id="85" id="2006" texture="textures/blocks/green.png"/>
	<block base_block_id="85" id="2007" texture="textures/blocks/darkblue.png"/>
	<block base_block_id="85" id="2008" texture="textures/blocks/gray.png"/>
	<block base_block_id="6" id="2009" texture="textures/blocks/graylight.png"/>
	<block base_block_id="6" id="2010" texture="textures/blocks/greenlight.png"/>
	<block base_block_id="6" id="2011" texture="textures/blocks/blacklight.png"/>
	<block base_block_id="252" id="2012" texture="textures/blocks/blackmirror.png"/>
	<block base_block_id="6" id="2013" texture="textures/blocks/whitelight.png"/>
</customblocks>