
<entity anim="Break" bx="19298" by="84" bz="19081" class="Player" displayName="0" facing="-0.28416386246681" item_id="30002" motionX="0" motionY="0" motionZ="0" name="default" onGround="true" rotationYaw="-0.28416386246681">
	<inventory handtool_bagpos="5">
		<slot count="1" id="10068">{tool_name="paint",selected_blockid=10,}
		</slot>
		<slot count="1" id="197"/>
		<slot count="1" id="228"/>
		<slot count="2" id="10">{color=0,}
		</slot>
		<slot count="1" id="212"/>
		<slot count="1" id="2008"/>
		<slot count="1" id="105"/>
		<slot count="1" id="189"/>
		<slot count="1" id="211"/>
		<slot count="1" id="55"/>
		<slot count="7" id="62"/>
		<slot count="1" id="20013"/>
		<slot count="1" id="20011"/>
		<slot count="1" id="20005"/>
		<slot count="1" id="20003"/>
		<slot count="1" id="20004"/>
		<slot count="3" id="56"/>
		<slot count="1" id="10053"/>
		<slot count="1" id="10021"/>
		<slot count="1" id="20002"/>
		<slot count="1" id="6"/>
		<slot count="1" id="87"/>
		<slot count="1" id="118"/>
		<slot count="1" id="186"/>
		<slot count="1" id="12"/>
		<slot count="1" id="20001"/>
		<slot count="1" id="220"/>
		<slot count="1" id="75"/>
		<slot count="1" id="51"/>
		<slot count="1" id="174"/>
		<slot count="1" id="197"/>
		<slot count="1" id="217"/>
		<slot count="2" id="10059">/music 1135.wav
		</slot>
		<slot count="1" id="10059">/music fa.wav
		</slot>
		<slot count="3" id="10059">/t 13 /end
		</slot>
		<slot count="1" id="10059">/t 30 /end
		</slot>
	</inventory>
	<teleport_list>{{position="19183,97,19104",facing="1.06",},{position="19183,97,19104",facing="-0.12",},{position="19183,97,19104",facing="-0.12",},{position="19183,97,19104",facing="-0.12",},{position="19301,84,19083",facing="0.33",},}
	</teleport_list>
	<abilities/>
</entity>