
<entities file_version="0.1">
	<entity bx="18728" by="8" bz="19212" class="EntitySign" item_id="211">
		<cmd>锅炉房
		</cmd>
	</entity>
	<entity bx="18764" by="8" bz="19196" class="EntitySign" item_id="211">
		<cmd>检测中心
		</cmd>
	</entity>
	<entity bx="18773" by="8" bz="19121" class="EntitySign" item_id="211">
		<cmd>道路研究所
		</cmd>
	</entity>
	<entity bx="18801" by="8" bz="18991" class="EntitySign" item_id="211">
		<cmd>理学院
		</cmd>
	</entity>
	<entity bx="18822" by="8" bz="19163" class="EntitySign" item_id="211">
		<cmd>交通科技大厦
		</cmd>
	</entity>
	<entity bx="18866" by="13" bz="19101" class="EntitySign" item_id="211">
		<cmd>图书馆
		</cmd>
	</entity>
	<entity bx="18871" by="8" bz="19011" class="EntitySign" item_id="211">
		<cmd>6区教学楼
		</cmd>
	</entity>
	<entity bx="18895" by="8" bz="19239" class="EntitySign" item_id="211">
		<cmd>公路学院桥梁系
		</cmd>
	</entity>
	<entity bx="18902" by="8" bz="19177" class="EntitySign" item_id="211">
		<cmd>公路学院
		</cmd>
	</entity>
</entities>