
<entities file_version="0.1">
	<entity bx="18950" by="8" bz="19268" class="EntitySign" item_id="211">
		<cmd>环工所
		</cmd>
	</entity>
	<entity bx="18952" by="8" bz="19362" class="EntitySign" item_id="211">
		<cmd>专家楼
		</cmd>
	</entity>
	<entity bx="18969" by="8" bz="19311" class="EntitySign" item_id="211">
		<cmd>国际教育学院
		</cmd>
	</entity>
	<entity bx="18979" by="8" bz="19134" class="EntitySign" item_id="211">
		<cmd>主楼
		</cmd>
	</entity>
	<entity bx="18984" by="8" bz="19004" class="EntitySign" item_id="211">
		<cmd>主楼
		</cmd>
	</entity>
	<entity bx="19004" by="9" bz="19366" class="EntitySign" item_id="211">
		<cmd>运动场
		</cmd>
	</entity>
	<entity bx="19115" by="8" bz="19024" class="EntitySign" item_id="211">
		<cmd>学术交流中心
		</cmd>
	</entity>
	<entity bx="19173" by="8" bz="19177" class="EntitySign" item_id="211">
		<cmd>一号公寓
		</cmd>
	</entity>
	<entity bx="19180" by="8" bz="19211" class="EntitySign" item_id="211">
		<cmd>二号公寓
		</cmd>
	</entity>
	<entity bx="19186" by="13" bz="19361" class="EntitySign" item_id="211">
		<cmd>体育馆
		</cmd>
	</entity>
	<entity bx="19198" by="8" bz="19078" class="EntitySign" item_id="211">
		<cmd>信息工程学院
		</cmd>
	</entity>
	<entity bx="19202" by="8" bz="19140" class="EntitySign" item_id="211">
		<cmd>经济与管理学院
		</cmd>
	</entity>
	<entity bx="19211" by="8" bz="19247" class="EntitySign" item_id="211">
		<cmd>三号公寓
		</cmd>
	</entity>
	<entity bx="19213" by="8" bz="18999" class="EntitySign" item_id="211">
		<cmd>办公楼
		</cmd>
	</entity>
	<entity bx="19227" by="8" bz="19211" class="EntitySign" item_id="211">
		<cmd>学生公寓管理中心
		</cmd>
	</entity>
	<entity bx="19245" by="8" bz="19085" class="EntitySign" item_id="211">
		<cmd>配电室
		</cmd>
	</entity>
	<entity bx="19262" by="8" bz="18989" class="EntitySign" item_id="211">
		<cmd>电子与工程控制学院
		</cmd>
	</entity>
	<entity bx="19264" by="8" bz="19393" class="EntitySign" item_id="211">
		<cmd>九号公寓
		</cmd>
	</entity>
	<entity bx="19283" by="8" bz="19167" class="EntitySign" item_id="211">
		<cmd>食堂
		</cmd>
	</entity>
	<entity bx="19288" by="8" bz="19350" class="EntitySign" item_id="211">
		<cmd>八号公寓
		</cmd>
	</entity>
	<entity bx="19327" by="8" bz="19280" class="EntitySign" item_id="211">
		<cmd>锅炉房
		</cmd>
	</entity>
	<entity bx="19370" by="8" bz="19296" class="EntitySign" item_id="211">
		<cmd>澡堂
		</cmd>
	</entity>
	<entity bx="19403" by="8" bz="19179" class="EntitySign" item_id="211">
		<cmd>食品加工检测中心
		</cmd>
	</entity>
	<entity bx="19431" by="9" bz="19288" class="EntitySign" item_id="211">
		<cmd>六号公寓
		</cmd>
	</entity>
	<entity bx="19431" by="9" bz="19328" class="EntitySign" item_id="211">
		<cmd>七号公寓
		</cmd>
	</entity>
	<entity bx="19434" by="8" bz="19238" class="EntitySign" item_id="211">
		<cmd>四号公寓
		</cmd>
	</entity>
	<entity bx="19449" by="8" bz="19250" class="EntitySign" item_id="211">
		<cmd>五号公寓
		</cmd>
	</entity>
</entities>