
<entities file_version="0.1">
	<entity IsSimulatedSky="true" class="EntitySky" filename="" name="sky" rainStrength="0" snowStrength="0"/>
	<entity class="EntityDesktop" name="desktop">
		<inventory>
			<slot count="1" id="10052">{tooltip="作者的话","欢迎来到我的世界#请仔细阅读规则#=到创意论坛来支持我的作品哦~=#[[http://www.paracraft.cn/][点我进入论坛]]",}
			</slot>
			<slot count="1" id="10060">{tooltip="到论坛支持作者 给作者留言[bbs]","http://bbs.paraengine.com/forum.php?mod=forumdisplay&amp;fid=50",}
			</slot>
		</inventory>
	</entity>
	<entity bx="19192" by="78" bz="19206" class="Mob" facing="-0.017564618554842" item_id="20003" motionX="0" motionY="0" motionZ="0" onGround="true"/>
	<entity bx="19194" by="78" bz="19204" class="Mob" facing="3.1415600016839" item_id="20003" motionX="0" motionY="0" motionZ="0" onGround="true"/>
	<entity bx="19197" by="78" bz="19198" class="Mob" facing="-0.03076501409092" item_id="20003" motionX="0" motionY="0" motionZ="0" onGround="true"/>
	<entity bx="19197" by="78" bz="19205" class="Mob" facing="0.015189457138839" item_id="20003" motionX="0" motionY="0" motionZ="0" onGround="true"/>
	<entity bx="19198" by="78" bz="19207" class="Mob" facing="3.0611711396781" item_id="20003" motionX="0" motionY="0" motionZ="0" onGround="true"/>
	<entity bx="19199" by="78" bz="19206" class="Mob" facing="-1.5408528909487" item_id="20003" motionX="0" motionY="0" motionZ="0" onGround="true"/>
	<entity bx="19199" by="78" bz="19210" class="Mob" facing="0.015663201411568" item_id="20003" motionX="0" motionY="0" motionZ="0" onGround="true"/>
	<entity bx="19201" by="77" bz="19190" class="Mob" facing="2.0413174113752e-005" item_id="20003" motionX="0" motionY="0" motionZ="0" onGround="true"/>
	<entity bx="19202" by="79" bz="19193" class="Mob" facing="1.5735958219901" item_id="20003" motionX="0" motionY="0" motionZ="0" onGround="true"/>
	<entity bx="19203" by="79" bz="19198" class="Mob" facing="-0.065763538926647" item_id="20003" motionX="0" motionY="0" motionZ="0" onGround="true" scaling="1.5000000953674"/>
	<entity bx="19205" by="78" bz="19203" class="Mob" facing="-1.5838760248675" item_id="20003" motionX="0" motionY="0" motionZ="0" onGround="true"/>
	<entity bx="19205" by="80" bz="19194" class="Mob" facing="3.1399951983234" item_id="20004" motionX="0" motionY="0" motionZ="0" onGround="true"/>
	<entity bx="19206" by="80" bz="19197" class="Mob" facing="-2.8791563086467" item_id="20004" motionX="0" motionY="0" motionZ="0" onGround="true" scaling="2.3000000476837"/>
	<entity bx="19207" by="80" bz="19195" class="Mob" facing="-0.00054684837892812" item_id="20003" motionX="0" motionY="0" motionZ="0" onGround="true"/>
</entities>