
<entities file_version="0.1">
	<entity IsSimulatedSky="false" class="EntitySky" filename="2" name="sky" rainStrength="0" snowStrength="0"/>
	<entity class="EntityDesktop" name="desktop">
		<inventory>
			<slot count="1" id="10052">{tooltip="作者的话","欢迎来到我的世界#请仔细阅读规则#=到创意论坛来支持我的作品哦~=#[[http://www.paracraft.cn/][点我进入论坛]]",}
			</slot>
			<slot count="1" id="10060">{tooltip="到论坛支持作者 给作者留言[bbs]","http://bbs.paraengine.com/forum.php?mod=forumdisplay&amp;fid=50",}
			</slot>
		</inventory>
	</entity>
	<entity bx="19253" by="84" bz="19071" class="Mob" facing="-1.5699429012091" item_id="20004" motionX="8.7497729628851e-005" motionY="8.7497729628851e-005" motionZ="0" onGround="true"/>
	<entity bx="19257" by="83" bz="19097" class="Mob" facing="-1.5707963267949" item_id="20003" motionX="0" motionY="0" motionZ="0" onGround="true"/>
	<entity bx="19275" by="84" bz="19071" class="Mob" facing="2.8962136109761" item_id="20013" motionX="0" motionY="0" motionZ="0" onGround="true"/>
	<entity bx="19276" by="87" bz="19152" class="Mob" facing="-1.3862727293014" item_id="20005" motionX="0" motionY="0" motionZ="0" onGround="true"/>
	<entity bx="19297" by="83" bz="19124" class="Mob" facing="-0.2555763375477" item_id="20001" motionX="0" motionY="0" motionZ="0" onGround="true"/>
	<entity bx="19300" by="84" bz="19077" class="EntityHomePoint" item_id="20002" name="player_spawn_point">
		<cmd><![CDATA[/time 0
/shader 2
/sky 2
/mode game
/clear bag]]>
		</cmd>
	</entity>
</entities>