
<entity anim="Break" bx="18717" by="12" bz="19131" class="Player" displayName="0" facing="4.2343125343323" item_id="30002" motionX="0" motionY="0" motionZ="0" name="default" rotationYaw="4.2343125343323">
	<inventory handtool_bagpos="1">
		<slot count="1" id="211"/>
		<slot count="1" id="177"/>
		<slot count="2" id="95"/>
		<slot count="1" id="2338"/>
		<slot count="1" id="177"/>
		<slot count="1" id="91"/>
		<slot count="1" id="6"/>
		<slot count="1" id="104"/>
		<slot count="1" id="62"/>
		<slot count="3" id="181"/>
		<slot count="7" id="184"/>
		<slot count="1" id="254">{tooltip="sblocktemplates/羽毛球.bmax",}
		</slot>
		<slot count="4" id="4"/>
		<slot count="2" id="183"/>
		<slot count="39" id="177"/>
		<slot count="5" id="176"/>
		<slot count="3" id="154"/>
		<slot count="1" id="160"/>
		<slot count="2" id="160"/>
		<slot count="7" id="179"/>
		<slot count="5" id="5"/>
		<slot count="4" id="180"/>
		<slot count="3" id="133"/>
		<slot count="2" id="254">{tooltip="blocktemplates/羽毛球.bmax",}
		</slot>
		<slot count="1" id="17"/>
		<slot count="1" id="185"/>
		<slot count="1" id="178"/>
		<slot count="1" id="10">{color=12699851,}
		</slot>
		<slot count="17" id="26"/>
		<slot count="1" id="189"/>
		<slot count="24" id="171"/>
		<slot count="10" id="91"/>
		<slot count="2" id="97"/>
		<slot count="35" id="10513"/>
		<slot count="2" id="143"/>
		<slot count="2" id="263"/>
	</inventory>
	<abilities/>
</entity>