
<entities file_version="0.1">
	<entity class="EntityDesktop" name="desktop">
		<inventory>
			<slot count="1" id="10052">{tooltip="作者的话","欢迎来到我的世界#请仔细阅读规则#=到创意论坛来支持我的作品哦~=#[[http://www.paracraft.cn/][点我进入论坛]]",}
			</slot>
			<slot count="1" id="10060">{tooltip="到论坛支持作者 给作者留言[bbs]","http://bbs.paraengine.com/forum.php?mod=forumdisplay&amp;fid=50",}
			</slot>
		</inventory>
	</entity>
	<entity IsSimulatedSky="true" class="EntitySky" filename="" name="sky" rainStrength="0" snowStrength="0"/>
	<entity bx="17802" by="48" bz="19198" class="Railcar" facing="-1.5707963267949" item_id="20012" motionX="0" motionY="0" motionZ="0" onGround="true" rotationPitch="0" rotationYaw="89.999999999999"/>
	<entity bx="19273" by="207" bz="19202" class="Railcar" facing="-0" item_id="20012" motionX="0" motionY="0" motionZ="0" rotationPitch="0" rotationYaw="0"/>
	<entity bx="19274" by="207" bz="19200" class="EntityHomePoint" item_id="20002" name="player_spawn_point">
		<cmd><![CDATA[/lod off
/shader 2
/time 0
/renderdist 100
/mode game
/clearbag
/give 20012
/cameradist 3
/skin textures/blocks/girl.png]]>
		</cmd>
	</entity>
</entities>